global_step,correct,similar,incorrect,train_loss,eval_loss
626,409,308,283,1.749887466430664,-7.7024293136596675
1252,418,287,295,0.348283976316452,-9.758230476379394
